35,35,국가의 복지 증진과 국민의 건강유지 향상을 위하여 필요한 전문 지식을 탐구하며 건전하고 유능한 보건행정의 전문 인재 양성을 목적으로 하는 학과이다.,건강에 대하여 관심이 많은 학생;남을 돕고 싶은 따뜻한 마음이 있는 학생;국제 사회에서 일을 하고 싶은 학생;다양한 인문학적 소양을 가진 학생;세상을 건강하고 아름답게 바꾸고 싶은 욕구를 가진 학생,확률과 통계;생활과 윤리;경제;정치와 법;사회·문화;생명과학Ⅰ;보건,생활과 과학;사회문제 탐구
62,62,"스마트 애플리케이션을 비롯하여 웹, 컴퓨터그래픽, 가상현실, 증강현실, 인공지능 등 다양하고 첨단화되는 소프트웨어를 개발하거나 응용하는 데 필요한 이론과 기술을 겸비한 인력 양성을 목적으로 하는 학과이다.",공학 및 과학의 기초지식을 바탕으로 한 논리력과 창의력이 있는 학생;컴퓨터에 대한 제반 지식과 기능을 다루기 때문에 기계 및 컴퓨터에 흥미가 있는 학생;소프트웨어 응용 및 게임 개발 등을 위한 프로그래밍 기초 지식이 있는 학생이 유리,수학Ⅰ;수학Ⅱ;미적분;확률과 통계;세계사;사회·문화;물리학Ⅰ;정보,인공지능 기초;인공지능 수학;기하;영어권 문화
29,29,"인간의 마음과 행동과정을 과학적으로 연구한다. 인간의 심리와 행동에 대한 지식을 습득하여 인간의 마음과 행동 및사회현상을올바르게이해하고,이러한 지식을 개인과 사회의 문제해결과 삶의 질 향상을 위해 적용하는 인재 양성을 목적으로 하는 학과이다.",과학적인 사고방식을 가지고 인간에 대한 궁금증을 탐구해 보려는 학생;사람의 심리나 행동 및 관계 형성 양상에 깊은 관심을 지닌 학생;무언가를 알아내기 위해 단순한 직감보다는 논리적 사고를 즐기는 학생,확률과 통계;생활과 윤리;윤리와 사상;사회·문화;생명과학Ⅰ;심리학,사회문제 탐구;생명과학Ⅱ
110,110,"고등교육, 기업과 산업교육, 나아가 평생 교육까지를 아우르는 학문으로서 교육이 무엇인가라는 거대 담론으로부터 시작해 인간으로서 어떻게 사는 것이 잘 사는 것인지를 고민하며, 왜, 누가, 어디서, 누구에게, 무엇을, 어떻게 가르칠 것인가 하는 구체적인 문제를 탐구하는 교육 전문가 양성을 목적으로 하는 학과이다.",교육에 대한 관심과 흥미가 많은 학생;평소 교육 정책을 비롯해 교육 문제와 청소년 문제에 관심을 가진 학생;교육이론을 개척하기 위한 창의력과 실천에 필요한 추진력을 가진 학생,확률과 통계;생활과 윤리;윤리와 사상;동아시아사;세계사;사회·문화;정치와 법;교육학,사회문제 탐구
94,94,국어 교과 교육 관련 학문의 창의적 연구와 교육 현장에서 언어 계열 과목 교육자로서의 전문적인 소양을 갖춘 유능하고 진취적인 교사를 양성하는 것을 목적으로 인격과 전문성을 겸비한 교육 전문 인력 양성을 목적으로 하는 학과이다.,국어에 대한 지식과 열정을 기본으로 인간과 사물을 사랑하고 존중하는 따뜻한 마음을 가진 학생;변화에 대해 능동적으로 대처하는 자세를 갖춘 학생;말과 글에 대한 긍지와 애정을 가진 진취적인 태도를 갖춘 학생;미래 교육과 연구를 담당할 수 있도록 전문 능력을 갖추려는 자세를 갖춘 학생,확률과 통계;생활과 윤리;사회·문화;정치와 법;한문Ⅰ;교육학;심리학,심화 국어;고전 읽기;한문Ⅱ
26,26,"경제·문화적 요인들이 국제 관계에서 점차 중요해지고, 다양한 국제적 상호의존성이 증대되고 있는 지구화 시대에 발맞춰 국제적 감각과 능력을 겸비한 인재 양성을 목적으로 하는 학과이다.",국제 사회의 문제를 접하면 책임감이 솟는 학생;다양한 인종과 문화를 아우르는 개방적 사고를 하는 학생;자신감이 넘치고 무슨 일이든 적극적인 자세로 임하는 학생,영어Ⅰ;영어Ⅱ;세계지리;동아시아사;세계사;경제;정치와 법;사회·문화;제2외국어Ⅰ,영어권 문화;사회문제 탐구;제2외국어Ⅱ
23,23,"광고홍보 분야의 새로운 이론과 실제를 다루는 학문으로서 마케팅, 커뮤니케이션, 심리학, 사회학 등 광범위한 관련 이론을 바탕으로 광고기획, 제작, 시장 조사, 매체 기획, 브랜드 등 다양한 분야의 인재 양성을 목적으로 하는 학과이다.","급변하는 사회경제적 환경에서 조직의 전략적 관리자가 될 만한 학생;개인과 지역사회, 국가, 인류의 복지에 기여할 만한 학생;산업계의 변화를 주도하고 발전에 기여하는 의사소통능력이 우수한 학생",확률과 통계;세계지리;세계사;동아시아사;경제;정치와 법;사회·문화;심리학,여행지리;사회문제 탐구
37,37,"대기에서 일어나는 제 현상들을 응용하는 학문으로, 대기과학 및 환경 문제에 관한 전문지식과 자질을 갖춘 인재 양성을 목적으로 하는 학과이다.","기본적으로 수학, 물리학, 화학, 지구과학 등 기초과학 과목에 흥미와 적성이 있는 학생;기상이변, 기후변동, 대기환경 문제 등의 다양한 분야에 관심이 있는 학생;컴퓨터나 계측 장비 등을 활용해야 하므로 각종 장비나 수치 분석에 관심 있는 학생",수학Ⅰ;수학Ⅱ;미적분;확률과 통계;물리학Ⅰ;화학Ⅰ;생명과학Ⅰ;지구과학Ⅰ,기하;물리학Ⅱ;지구과학Ⅱ
67,67,"컴퓨터 하드웨어, 소프트웨어, 네트워크 등 컴퓨터와 관련된 지식과 기술을 익혀 다양한 분야에서 컴퓨팅을 적용할 수 있는 공학인 양성을 목적으로 하는 학과이다.","기본적으로 컴퓨터 하드웨어와 다양한 응용소프트웨어에 대한 관심과 흥미가 높아야 하며, 공학 및 과학에 근거한 논리적 추리력과 창의력 필요;다른 공학 분야에 비해 발전 속도가 빠르므로, 이런 새로운 것에 대한 호기심과 관심이 큰 학생;대학에 따라 수학 관련 교과목에 대한 비중이 높을 수 있으므로 수리 능력이 우수한 학생이 유리",수학Ⅰ;수학Ⅱ;미적분;확률과 통계;물리학Ⅰ;화학Ⅰ;정보,기하;인공지능 수학;물리학Ⅱ;화학Ⅱ;인공지능 기초
74,74,생명공학은 세포 내에서 일어나는 생명체 활동의 기본 현상과 원리를 밝히고 이를 이용하여 인간에게 유익하게 다양한 산업에 실용화할 수 있는 인력 양성을 목적으로 하는 학과이다.,"기초자연과학에 흥미가 있고,생명 현상에 호기심이 있는 학생;자연법칙과 과학적 연구 방법을 이해하고 적용할 수 있는 추론적 판단력을 가진 학생;생명 현상을 객관적으로 보는 관찰력,논리적 사고,도전 정신,분석력을 겸비한 학생",수학Ⅰ;수학Ⅱ;미적분;확률과 통계;생활과 윤리;물리학Ⅰ;화학Ⅰ;생명과학Ⅰ,기하;화학Ⅱ;생명과학Ⅱ
88,88,"구강생리학, 치아형태학, 구강병리학 등의 치위생 기초과학부터 임상 영역별 질병을 예방하고 치료하는 데 필요한 치과임상학, 치주학, 보존학, 구강병리학, 치과방사선학 등의 임상치위생학, 가정 및 지역사회의 구강건강 향상을 위한 구강보건교육학 등의 다양한 분야를 학습할 인력 양성을 목적으로 하는 학과이다.",꼼꼼하고 성실하며 타인에 대한 배려의 마음이 있는 학생;구강 건강 증진과 구강 보건 교육에 관심이 있는 학생;좁은 구강 내를 주로 다루고 치과 관련 기계나 도구를 사용하므로 손놀림이 정교하고 꼼꼼한 학생,확률과 통계;생활과 윤리;정치와 법;화학Ⅰ;생명과학Ⅰ;보건,화학Ⅱ;생명과학Ⅱ;생활과 과학
105,105,수학교육은 논리적 사고로 추상적인 개념을 이해하고 적용하는 수학을 학문적으로 탐색하여 심층적인 지식과 수학교육에 대한 역량을 더해 수학을 도구로 하여 인격과 전문성을 겸비한 교육인력 양성을 목적으로 하는 학과이다.,"논리적인 사고, 수리력, 꼼꼼한 관찰력 등이 필요;수학교육 및 수학 관련 분야 사업을 하고 싶은 학생;창의적 수학 문제 해결력과 의사소통 능력을 가진 학생;수학 관련 응용 분야(컴퓨터, 통계학, 경제학 등)를 공부하고 싶은 학생;수학 문제 풀이와 설명에 흥미가 많고 적극적인 학생",수학Ⅰ;수학Ⅱ;확률과 통계;미적분;경제;교육학;심리학,기하;수학과제 탐구;인공지능 수학;경제 수학
52,52,"최근의 자율 주행차, 드론, 전기차 등 각종 이동 수단에 대한 핵심 지식을 바탕으로 미래 무인자동차 산업을 선도하는 인력 양성을 위한 학과이다.","논리적인 사고, 수리력, 꼼꼼한 관찰력을 바탕으로 기계 관련 분야에 흥미가 있는 학생;심각한 교통 문제 또는 환경 오염 문제에 관심을 가지고 해결하고자 노력해 본 경험이 있는 학생;원격으로 조종되는 각종 기계에 호기심을 가지고 있는 학생",수학Ⅰ;수학Ⅱ;미적분;확률과 통계;한국지리;물리학Ⅰ;화학Ⅰ;정보,기하;수학과제 탐구;인공지능 수학;물리학Ⅱ;화학Ⅱ;생활과 과학;인공지능 기초
38,38,"우리 주위에서 일어나는 모든 자연 현상들의 법칙을 연구하는 학문으로, 광범위한 자연과학에 대한 지식을 습득 하여 첨단과학 기술산업에 적용할 수 있는 전문 인재 양성을 목적으로 하는 학과이다.","논리적인 사고와 수리력이 있으며, 과학에 대한 호기심, 창의적인 사고를 갖춘 학생;궁금증을 풀기 위한 적극적인 추진력을 갖춘 학생;실험을 위한 꾸준한 인내력과 꼼꼼한 관찰력을 갖춘 학생",수학Ⅰ;수학Ⅱ;미적분;확률과 통계;물리학Ⅰ;화학Ⅰ;생명과학Ⅰ;지구과학Ⅰ,기하;물리학Ⅱ;화학Ⅱ
47,47,"식물을 건강하게 생육시키는 방법을 연구하는 학문으로, 미래 농업 발전을 위한 기술혁신에 공헌할 수 있는 혁신적 인재 양성을 목적으로 하는 학과이다.","농산물에 대해 배우기 위해 식물에 대한 흥미와 애정이 있는 학생;생명 현상을 정확하게 볼 수 있는 관찰력이나 분석력을 갖추고 있는 학생;농촌 문제나 식량 문제, 가축, 농업 기술 등에 관한 관심이 있는 학생",수학Ⅰ;수학Ⅱ;미적분;확률과 통계;생활과 윤리;물리학Ⅰ;화학Ⅰ;생명과학Ⅰ,화학Ⅱ;생명과학Ⅱ
33,33,"항공기 승무원으로서 전문 서비스에 필요한 영어, 일본어, 중국어 등의 외국어 교육 및 서비스 이론과 현장 실습 교육으로 지성과 전문성을 겸비한 승무원 양성을 목적으로 하는 학과이다.",능숙한 어휘력으로 국제적 감각을 갖추고자 하는 학생;영어는 물론 제2외국어에 관심이 많은 학생;기내 및 공항운송 서비스에 필요한 보안 및 안전 전문 지식을 갖추기를 희망하는 학생,영어 회화;영어Ⅰ;생활과 윤리;한국지리;세계지리;세계사;사회·문화;제2외국어Ⅰ,영어권 문화;진로 영어;사회문제 탐구;여행지리;제2외국어Ⅱ
63,63,"융합학과는 다양한 학과가 서로 융합되어 구성된다는 특징을 가지고 있으며, 창의 융합형 인재 양성을 목표로 하는 학과이다.",다양한 전공의 진로를 설계하고 있는 학생;다양한 전공을 ICT 계열 및 AI 관련 분야와 융합하고자 하는 학생;하나의 전공 분야의 틀에 고정되기보다는 다양한 학문적 경험을 하고자 하는 학생;새로운 분야를 개척하고자 하는 도전 의식이 있는 학생,수학Ⅰ;수학Ⅱ;미적분;확률과 통계;정보,수학과제 탐구;생활과 과학;인공지능 기초;사회문제 탐구;융합과학
11,11,"다양한 정보들 중에서 가치 있는 정보를 선별하고 이를 보존하며, 제공하는 방법과 기술을 연구한다. 정보를 이용 자들이 편리하게 검색하고 열람할 수 있도록 하는 체계적 방법 구축을 목표로, 빅데이터의 시대적 환경 속에서 정보 관리 능력을 갖춘 전문 인재 양성을 목적으로 하는 학과이다.",독서를 습관화하고 정보통신기술을 이해하려는 자세를 지닌 학생;도서관 활동에 관심을 가지고 일상 생활 속에서 정보검색의 불편한 점 등에 대해 고민하는 학생 ;다양한 방면에 호기심이 많고 적극적 의사소통능력과 의견조율능력을 지닌 학생,언어와 매체;확률과 통계;윤리와 사상;정치와 법;사회·문화;정보,인공지능 수학;인공지능 기초
5,5,"독일어에 대한 체계적인 학습 훈련과 언어, 문화 및 문학에 관한 깊이 있는 이해를 통해, 독일 및 해당 언어권 국가와 관련된 사회 여러 분야에서 요구되는 새로운 인재의 양성을 목표로 하는 학과이다.","독일어권 국가의 어학, 문학, 문화에 관심이 있고 심화된 지식과 역량을 갖고자 하는 학생;새로운 세계를 탐구해 나가려는 호기심과 문학적 감수성과 상상력을 지닌 학생;언어의 과학적 구조에 관심이 있는 학생",영어Ⅰ;영어 독해와 작문;영어Ⅱ;윤리와 사상;세계지리;세계사;독일어Ⅰ,영어권 문화;영미 문학 읽기;독일어Ⅱ
96,96,독일어 교과 교육 관련 학문의 창의적 연구와 교육 현장에서 언어 계열 과목 교육자로서의 전문적인 소양을 갖춘 유능하고 진취적인 교사를 양성하는 것을 목적으로 인격과 전문성을 겸비한 교육 전문 인력 양성을 목적으로 하는 학과이다.,독일어에 대한 지식과 열정을 기본으로 인간과 사물을 사랑하고 존중하는 따뜻한 마음을 가진 학생;변화에 대해 능동적으로 대처하는 자세를 갖춘 학생;말과 글에 대한 긍지와 애정을 가진 진취적인 태도를 갖춘 학생;미래 교육과 연구를 담당할 수 있도록 전문 능력을 갖추려는 자세를 갖춘 학생,확률과 통계;영어 회화;영어Ⅰ;생활과 윤리;윤리와 사상;세계사;사회·문화;정치와 법;독일어Ⅰ;교육학;심리학,영어권 문화;영미 문학 읽기;독일어Ⅱ
48,48,"동물자원의 가공, 생산에서 이용에 이르기까지의 모든 과정을 연구하는 학문으로, 이론과 실험을 바탕으로 이용할 수 있는 자원의 종류를 확대할 수 있는 동물자원 전문가 양성을 목적으로 하는 학과이다.","동물에 대한 관심이 많으며 특히 가축에 대한 관심이 많은 학생;생명과학 연구에 흥미가 있으며, 축산 분야 전문가로 성장하고 싶은 학생;농촌 문제나 식량 문제, 가축 등에 관한 관심이 필요하며 첨단 기술이 합쳐지면서 공학적인 지식이 필요",수학Ⅰ;수학Ⅱ;미적분;확률과 통계;생활과 윤리;화학Ⅰ;생명과학Ⅰ;지구과학Ⅰ,화학Ⅱ;생명과학Ⅱ
4,4,"러시아어에 대한 체계적인 학습 훈련과 언어, 문화 및 문학에 관한 깊이 있는 이해를 통해, 러시아 및 해당 언어권 국가와 관련된 사회 여러 분야에서 요구되는 새로운 인재의 양성을 목표로 하는 학과이다.","러시아어권 국가의 어학, 문학, 문화에 관심이 있고 심화된 지식과 역량을 갖고자 하는 학생;새로운 세계를 탐구해 나가려는 호기심과 문학적 감수성과 상상력을 지닌 학생;문학적 감수성과 상상력이 있고, 언어의 과학적 구조에 관심이 있는 학생",영어Ⅰ;영어 독해와 작문;영어Ⅱ;윤리와 사상;세계지리;세계사;러시아어Ⅰ,영어권 문화;영미 문학 읽기;러시아어Ⅱ
40,40,"수학을 통해 수리력, 추리력, 분석적인 사고능력, 엄격한 논리체계 및 사물을 인식하고 이해하는 방법을 배워 자연 과학, 공학, 인문학, 사회과학에 이르기까지 광범위하게 응용하는 학문으로, 인류 사회의 발전을 위하여 수학과 관 련된 어떠한 분야에서도 능동적으로 일할 수 있는 미래의 인재 양성을 목적으로 하는 학과이다.","문제 해결 과정을 중요하게 여기고 이러한 과정에 흥미가 있는 학생;논리적인 사고와 분석력, 추리력이 있는 학생;현대 수학은 컴퓨터 활용 능력이 필요함",수학Ⅰ;수학Ⅱ;미적분;확률과 통계;경제,기본 수학;실용 수학;인공지능 수학;기하;경제 수학;수학과제 탐구
69,69,"교통(도로, 철도, 항만, 항공교통) 문제의 근본적인 원인을 파악하고 문제 해결 방안(지리정보시스템, 빅데이터와 인공지능 등)을 효율적으로 적용할 수 있는 인력 양성을 목적으로 하는 학과이다.",문제를 해결하는 데 합리적인 방향을 고수하는 경향을 지닌 학생;우리 사회의 사물이나 상황을 큰 틀에서 볼 줄 아는 학생;교통수단과 시스템 체계 등에 대한 호기심과 관심이 있는 학생,수학Ⅰ;수학Ⅱ;미적분;확률과 통계;한국지리;경제;물리학Ⅰ;지구과학Ⅰ;정보,기하;물리학Ⅱ;생활과 과학
14,14,"사료 연구와 분석을 통해 역사와 문화를 실증적으로 복원하거나 재구성하여 인식의 지평을 넓히고 현재의 문제에 대한 대안을 제시하며 미래를 조망하는 학문이다. 역사에 대한 포괄적 이해를 바탕으로, 문화유산을 발굴하고 체 계화하는 능력을 종합적으로 갖춘 인재 양성을 목적으로 하는 학과이다.","문화나 역사와 관련된 풍부한 독서를 즐기고, 역사 과목 학습이 흥미로운 학생;비판적으로 생각하는 방법과 생각의 기초를 갖고 싶은 학생;한 마디의 말, 그림, 표시 속에 숨은 의미를 읽어보고 싶은 학생",확률과 통계;윤리와 사상;한국지리;세계지리;세계사;동아시아사;사회·문화;제2외국어Ⅰ;한문Ⅰ;철학,제2외국어Ⅱ;한문Ⅱ
87,87,치아 및 주위 조직과 악안면 부위 결손 및 손상된 부위의 기능을 인위적으로 회복하는 치과 보철물과 부정교합을 치료하는 교정 장치물에 관한 이론과 실기를 다루는 치과 의료 분야 전문 인력 양성을 목적으로 하는 학과이다.,"문화적 소양과 감성을 바탕으로 인간 몸의 다양함을 이해할 수 있는 학생;미술적인 감각과 과학적인 사고력의 조화를 알고, 관찰력이 예리하고 손재주가 있는 학생;물체를 입체적으로 생각하고 표현하는 공간지각력이 있어야 하며, 지구력과 집중력이 좋은 학생",확률과 통계;정치와 법;물리학Ⅰ;화학Ⅰ;생명과학Ⅰ;보건;정보,화학Ⅱ;생명과학Ⅱ
85,85,"환자의 혈액이나 체액, 소변, 조직 등을 화학·생물학·물리학·유전학적인 방법으로 분석하여 정보를 제공할 수 있도록 임상 검사 기술을 연구하는 학문이며 졸업 후 면허를 취득하고 임상병리사로 활동하게 된다. 의료기관의 다양한 분야에서 신뢰성 있는 정확한 검사 결과를 제공하여 질 높은 의료서비스를 할 수 있는 전문 임상병리사의 양성을 목적으로 하는 학과이다.",보건 의료인으로서의 사명감이 투철하고 성실한 학생;분석적 사고력을 갖추고 화학이나 생명과학 등의 교과목에 흥미가 있는 학생;실험이나 실습을 좋아하면서 관찰력이 예리한 학생,확률과 통계;정치와 법;화학Ⅰ;생명과학Ⅰ;보건,화학Ⅱ;생명과학Ⅱ;생활과 과학
54,54,"전기에너지의 생산, 효율적인 배분 및 수송, 전기시스템 설계, 제어 등을 할 수 있는 인력 양성을 목적으로 하는 학과이다.",복잡한 수식을 이해하고 계산하는 능력을 갖추고 수학과 물리학에 흥미가 있는 학생;빠르게 발전하고 있는 전기 · 전자 분야의 특성을 이해하고 항상 새로운 것에 호기심과 열정이 있는 학생,수학Ⅰ;수학Ⅱ;미적분;확률과 통계;물리학Ⅰ;화학Ⅰ;생명과학Ⅰ;지구과학Ⅰ;정보;환경,기하;물리학Ⅱ;화학Ⅱ
36,36,"세계화·정보화·지방화 시대를 맞이하여 행정 현상에 대한 이론적, 실제적 연구를 체계적으로 심화시킴으로써 국가 사회가 요구하는 유능한 행정전문가 양성을 목적으로 하는 학과이다.",분석력과 논리력이 뛰어난 학생;창의적으로 문제의 원인을 파악하고 해결하는 능력을 갖춘 학생;정부의 역할 및 기능에 관심이 있으며 국가 운영에 관한 꿈이 있는 학생;공익과 공공성을 추구하는 공공 문제에 관심이 많고 가치가 있는 일을 하고 싶은 학생,확률과 통계;생활과 윤리;경제;정치와 법;사회·문화;한문Ⅰ,사회문제 탐구
28,28,"가족 문제, 아동 문제, 노인 문제, 청소년비행 문제, 산업 복지 문제 등 현대 사회에서 발생하는 다양한 사회문제에 효과적으로 대응하며 인간의 삶의 질을 향상시킬 수 있는 사회복지 전문 인재 양성을 목적으로 하는 학과이다.",비판적 사고와 합리적 의사소통 능력이 있는 학생;협업을 통해 새로운 사회적 가치를 창조하려는 태도를 가진 학생;사회봉사 실천 의지 및 공공성과 지도력을 가진 학생,확률과 통계;생활과 윤리;윤리와 사상;경제;정치와 법;사회·문화;심리학,사회문제 탐구
76,76,"식품 생산에 관련된 기술 및 제조 장비 등에 관해 연구하는 학문으로, 식품과 관련된 폭넓은 학문과 기술에 대한 전문 소양을 갖춘 인재 양성을 목적으로 하는 학과이다.","사람의 건강과 식품, 영양에 대한 중요성을 인지하고 있는 학생;첨단 기술을 식품에 응용할 수 있는 창의력 및 응용력을 겸비한 학생;생명과학이나 화학 등 자연과학 기초 과목을 좋아하는 학생",수학Ⅰ;수학Ⅱ;미적분;확률과 통계;경제;물리학Ⅰ;화학Ⅰ;생명과학Ⅰ;정보,기하;화학Ⅱ;생명과학Ⅱ;생활과 과학
34,34,"법률에 관한 전문지식과 건전한 법적 소양을 갖춘 인재 양성을 통하여, 장차 법조계, 행정계, 정계, 경제계 등 우리 사회의 각 분야에서 활약할 수 있는 합리적이고 유능한 민주법치시민 양성을 목적으로 하는 학과이다.",사회 문제에 관심 많은 학생;주어진 상황을 논리적으로 분석하는 학생;방대한 양의 법조문을 공부할 만큼 끈기 있는 학생,확률과 통계;생활과 윤리;윤리와 사상;경제;정치와 법;사회·문화;한문Ⅰ,사회문제 탐구
31,31,"정치 현상을 과학적으로 탐구, 이해할 수 있는 다양한 방법론과 이론을 체계적으로 습득하도록 하여 연구자는 물론 실제 정치 및 외교 분야에서 활동할 수 있는 전문 인재 양성을 목적으로 하는 학과이다.",사회 전반의 흐름에 대한 고른 관심을 가진 학생;건전하고 비판적인 폭넓은 사고력을 가진 학생;상반된 의견에 귀 기울일 줄 아는 배려심을 가진 학생,영어 회화;영어Ⅰ;윤리와 사상;세계지리;동아시아사;세계사;경제;정치와 법;사회·문화;제2외국어Ⅰ,영어권 문화;사회문제 탐구;제2외국어Ⅱ;
27,27,사회현상에 대한 과학적 분석을 위하여 다양한 이론과 방법론에 대한 이해를 강조하고 사회 조사 분석에 대한 훈련 을 강화하여 사회현상에 대한 전문적인 이해와 분석 능력을 갖춘 전문 인재 양성을 목적으로 하는 학과이다.,사회의 여러 문제와 그 해결 방안에 관심이 많은 학생;심층적 사회 인식에 대한 의지를 가진 학생;비판적 사고와 합리적 의사소통 능력이 있는 학생,확률과 통계;생활과 윤리;윤리와 사상;경제;정치와 법;사회·문화,사회문제 탐구
89,89,"동물의 질병 예방과 치료를 배우는 학문이다. 최근 이를 활용한 의약품 개발이나 첨단생명공학 연구 등 학문의 영역이 확대되어, 인류와 동물의 건강과 복지를 위한 전문 수의사 양성을 목적으로 하는 학과이다. 예과 2년, 본과 4년, 총 6년 과정 졸업 후 수의사 국가시험 응시자격이 주어진다","생명을 존중할 줄 알고, 동물에 대한 애정이 있는 학생;세심하게 동물을 관찰하며 동물과 교감할 수 있는 학생;응급 상황에 대처할 수 있는 침착한 학생",수학Ⅰ;수학Ⅱ;미적분;확률과 통계;생활과 윤리;화학Ⅰ;생명과학Ⅰ;보건,화학Ⅱ;생명과학Ⅱ;생활과 과학
70,70,"국토 및 도시개발 문제, 주택문제, 토지이용 문제, 교통 문제, 환경 문제, 부동산 문제 등 현대 도시의 다양한 문제를 해결하여 지속 가능한 도시개발에 기여할 수 있는 인력 양성을 목적으로 하는 학과이다.",생활 공간과 도시에 대한 문제들에 관심이 많은 학생;공간지각능력이 좋고 무언가를 설계하고 만드는 것을 좋아하는 학생;문제에 대한 전략적 사고 방식과 함께 창의적인 디자인 감각을 지닌 학생,수학Ⅰ;수학Ⅱ;미적분;확률과 통계;한국지리;정치와 법;경제;물리학Ⅰ;화학Ⅰ;지구과학Ⅰ,사회문제 탐구;물리학Ⅱ;화학Ⅱ;지구과학Ⅱ
46,46,"의생활 환경의 형성 및 의류에 관한 전반적인 사항을 연구하여 의류 제품이 만들어지고 착용되기까지의 모든 분야 를 연구하며, 의복의 소재나 제품, 의복 구성에 대한 자연과학 분야, 의류 역사나 의상 심리, 마케팅 등의 인문사회 분야, 의류 상품기획, 디자인 등의 예술 분야까지 다양한 영역에 소양을 갖춘 인재 양성을 목적으로 하는 학과이다.","섬유의 소재나 패션의 흐름, 유행, 의복에 관해 관심이 있는 학생;창의력, 색감, 조화미 등에 예술적인 감각이 있는 학생;컴퓨터 프로그램을 다룰 수 있는 능력이 필요",확률과 통계;세계지리;세계사;경제;사회·문화;화학Ⅰ;생명과학Ⅰ,화학Ⅱ;생활과 과학;미술 창작;가정과학
19,19,"금융 및 보험에 관한 학문적 기초 지식을 체계적으로 습득하고 기업 경영에 있어서의 재무와 위험관리에 관련된 주요 기능을 이해, 분석할 수 있는 기술적 수단을 연구한다. 금융 및 보험 산업의 국제화 추세에 따른 환경 변화에 능동적 으로 적응할 수 있는 실질적 능력을 배양하여 경제발전에 기여할 수 있는 전문 인재 양성을 목적으로 하는 학과이다.","수치에 밝고 계산 능력이 뛰어난 학생;여러 수치를 정확하게 처리할 수 있는 꼼꼼한 성격을 가진 학생;재테크에 관심이 있거나 금융 상품에 대한 광고, 홍보물을 유심히 보는 등 호기심을 가진 학생",수학Ⅰ;수학Ⅱ;미적분;확률과 통계;경제;정치와 법;사회·문화;심리학,경제 수학;사회문제 탐구
68,68,"건축은 인간에 대한 인문학적 특성(지리, 역사, 사회, 심리 등)을 바탕으로 재료와 구조역학 이해, 설계 능력 등의 융합적 능력을 갖춘 인력 양성을 목적으로 하는 학과이다.","수학, 과학 등 기초과학 분야의 기본 지식과 공간지각력, 미적 감각 등 통합적 소질을 가진 학생;사회와 역사, 심리 등 사람에 대한 공감 능력이 뛰어난 학생",수학Ⅰ;수학Ⅱ;미적분;확률과 통계;한국지리;세계지리;물리학Ⅰ;화학Ⅰ;지구과학Ⅰ;환경,기하;물리학Ⅱ;화학Ⅱ;생활과 과학
53,53,"기계공학, 전기·전자공학, 소프트웨어 기술을 바탕으로 자동차 개발과 생산, 정비 및 진단에 필요한 인력 양성을 목적으로 하는 학과이다.","수학, 물리 등 기초과학에 대해 기본적인 지식을 갖춘 학생;다양한 공학 지식과 이론을 응용할 수 있는 능력을 갖춘 학생;기계나 항공, 전기, 전자, 디자인, 심리학 등 인접 학문에 흥미가 있는 학생",수학Ⅰ;수학Ⅱ;미적분;확률과 통계;경제;물리학Ⅰ;화학Ⅰ;생명과학Ⅰ;정보,기하;물리학Ⅱ;화학Ⅱ
71,71,"다리, 터널, 철도, 지하철, 발전소, 댐, 상하수도, 환경 관련 시설, 안전 관리 시설 등의 설계 및 시공·유지하는 지식을 활용하여 사람과 자연이 어우러지는 공학적 구조와 공간을 만드는 인재 양성을 목적으로 하는 학과이다.","수학, 물리학 등 공학 기초 과목에 관한 관심과 흥미가 있는 학생;활동적이고 진취적인 성격을 지닌 학생;각종 건축구조물에 대한 호기심을 지닌 학생",수학Ⅰ;수학Ⅱ;미적분;확률과 통계;한국지리;세계지리;물리학Ⅰ;화학Ⅰ;생명과학Ⅰ;지구과학Ⅰ;정보,기하;물리학Ⅱ;화학Ⅱ;지구과학Ⅱ
57,57,"기계공학을 바탕으로 비행기, 인공위성, 헬리콥터, 미사일, 우주선 등을 설계하고 개발할 수 있는 인력 양성을 목적으로 하는 학과이다.","수학, 물리학 등 기초 공학 과목에 관심과 흥미를 지닌 학생;기계나 사물을 다루는 것을 좋아하고 진취적이고 새로운 것에 도전하는 열정이 있는 학생;다양한 정보와 기술을 습득할 수 있는 영어 실력을 갖춘 학생",수학Ⅰ;수학Ⅱ;미적분;확률과 통계;물리학Ⅰ;화학Ⅰ;지구과학Ⅰ;정보,기하;물리학Ⅱ;화학Ⅱ;지구과학Ⅱ
58,58,비행 원리를 비롯한 항공 관련 기본 지식 연구와 항공기 운항 실습 등 체계적인 비행 교육 프로그램을 통해 조종사를 포함한 항공 전문인력 양성을 목적으로 하는 학과이다.,"수학, 물리학 등 기초 공학 과목에 관심과 흥미를 지닌 학생;영어 의사소통 능력이 있는 학생",수학Ⅰ;수학Ⅱ;미적분;확률과 통계;생활과 윤리;정치와 법;물리학Ⅰ;화학Ⅰ;지구과학Ⅰ;정보,기하;물리학Ⅱ;영어권 문화
42,42,"수학과 물리학 지식을 바탕으로 우주를 구성하는 태양계, 항성, 성운, 성단, 우리 은하와 외부 은하에서 일어나는 현상들을 관측하고, 지구와 태양계의 운동, 별의 일생, 은하의 구조와 특성, 우주의 생성과 진화를 연구하는 인재 양성을 목적으로 하는 학과이다.","수학, 물리학, 지구과학 등 기초과학 과목에 적성과 흥미가 있는 학생;평소 별의 원리와 성질에 관심이 많은 학생;별을 세심하게 관찰할 수 있는 꼼꼼한 성격을 갖춘 학생;천문계산을 위한 소프트웨어 사용법, 수치계산, 수치적분, 프로그래밍 능력에 관심 있는 학생",수학Ⅰ;수학Ⅱ;미적분;확률과 통계;물리학Ⅰ;화학Ⅰ;생명과학Ⅰ;지구과학Ⅰ,기하;물리학Ⅱ;지구과학Ⅱ;융합과학
61,61,제품 생산과 전달의 전 과정에서 과학적이고 합리적으로 산업시스템을 설계하고 운영하는 인력 양성을 목적으로 하는 학과이다. 제품 생산과 전달의 전 과정에서 과학적이고 합리적으로 산업시스템을 설계하고 운영하는 인력 양성을 목적으로 하는 학과이다,"수학, 역학 등의 자연과학 교과목뿐만 아니라 경영, 서비스 관련 등 다양한 사회과학에 관심이 많은 학생;문제 해결 능력, 논리적 사고력, 창의성이 많은 학생",수학Ⅰ;수학Ⅱ;미적분;확률과 통계;한국지리;경제;물리학Ⅰ;화학Ⅰ;정보,기하;융합과학;물리학Ⅱ;화학Ⅱ
79,79,"바이오, 화학 및 에너지 등 산업 현장에서 사용되는 철과 비철금속 재료를 개발 및 활용할 수 있는 인력 양성을 목적으로 하는 학과이다.","수학, 화학, 물리학 등 기초과학에 대한 관심이 있는 학생;지적 호기심이 강하고, 분석적인 사고를 하며 혁신적인 성격을 가진 학생;복잡하게 꼬인 문제를 차근차근 풀어내는 인내심이 있는 학생",수학Ⅰ;수학Ⅱ;미적분;확률과 통계;경제;물리학Ⅰ;화학Ⅰ;생명과학Ⅰ;환경,기하;물리학Ⅱ;화학Ⅱ;지구과학Ⅱ
59,59,현대 사회에서 생산되는 방대하고 다양한 데이터를 다양한 분야에서 활용할 수 있도록 수집·저장·분석하는 인력 양성을 목적으로 하는 학과이다.,수학을 좋아하고 자료를 잘 분류하거나 유목화하는 분야에 관심이 있는 학생;정보를 분석하고 해석하는 것에 적성과 흥미가 있는 학생;컴퓨터를 활용한 다양한 프로그램 사용에 관심이 높은 학생;사회 현상을 바라보는 분석력과 통찰력을 갖춘 학생,수학Ⅰ;수학Ⅱ;미적분;확률과 통계;물리학Ⅰ;화학Ⅰ;정치와 법;정보;논리학,기하;수학과제 탐구;인공지능 수학;물리학Ⅱ;인공지능 기초
7,7,"스페인어에 대한 체계적인 학습 훈련과 언어, 문화 및 문학에 관한 깊이 있는 이해를 통해, 스페인 및 해당 언어권 국가와 관련된 사회 여러 분야에서 요구되는 새로운 인재의 양성을 목표로 하는 학과이다.","스페인어권 국가의 어학, 문학, 문화에 관심이 있고 심화된 지식과 역량을 갖고자 하는 학생;새로운 세계를 탐구해 나가려는 호기심과 문학적 감수성과 상상력을 지닌 학생;언어의 과학적 구조에 관심이 있는 학생",영어Ⅰ;영어 독해와 작문;영어Ⅱ;윤리와 사상;세계지리;세계사;스페인어Ⅰ,영어권 문화;영미 문학 읽기;스페인어Ⅱ
50,50,"조경(造景, Landscape Architecture)이란 우리가 살아가고 있는 환경을 아름답고 쓸모있고 건강하게 만들고 가꾸는 작업으로, 작게는 주택 정원, 도시 광장으로부터 크게는 전 국토에 이르는 광범위한 옥외 공간의 계획, 설계, 시공, 감리 및 관리 능력을 고루 갖춘 인재 양성을 목적으로 하는 학과이다.",시각적으로 아름답게 보이게 하는 미적 감각이 있는 학생;여러 분야의 사람들이 함께 일하는 경우가 많으므로 팀 활동을 위한 협동심이 있는 학생;현상을 전체적인 관점으로 관찰하고 사고하길 즐기는 학생,수학Ⅰ;수학Ⅱ;미적분;확률과 통계;한국지리;화학Ⅰ;생명과학Ⅰ;지구과학Ⅰ,기하;생명과학Ⅱ;지구과학Ⅱ
45,45,식생활을 통해 건강한 삶을 누릴 수 있도록 식품과 영양에 관한 과학적인 지식을 탐구하여 지역 사회 및 국민의 영양과 건강을 증진하는 데 기여할 수 있는 인재 양성을 목적으로 하는 학과이다.,"식품, 영양에 대한 중요성을 이해하고 첨단 기술을 식품에 응용할 수 있는 창의력 및 응용력이 필요;생물이나 화학 등 자연 기초과목을 좋아하는 학생",수학Ⅰ;수학Ⅱ;미적분;확률과 통계;생활과 윤리;정치와 법;화학Ⅰ;생명과학Ⅰ,화학Ⅱ;생명과학Ⅱ;생활과 과학;가정과학
77,77,"신소재, 생체 재료, 기능 재료, 환경 재료 등 첨단산업 발전의 핵심적인 역할을 담당하는 공학 소재의 개발과 개선을 연구하는 인력 양성을 목적으로 하는 학과이다.","신소재공학의 근간이 되는 수학, 물리학, 화학 등 기초공학 과목에 소양이 있는 학생;다양한 소재에 관해 공부하고 싶은 호기심과 관심이 있는 학생;새로운 과학기술의 발달과 인간의 욕구에 대해 충분히 이해하고 선도할 능력을 갖춘 학생",수학Ⅰ;수학Ⅱ;미적분;확률과 통계;물리학Ⅰ;화학Ⅰ;생명과학Ⅰ,기하;물리학Ⅱ;화학Ⅱ
30,30,아동이 건전하고 행복한 환경 속에서 정신적 육체적으로 올바르게 성장하여 바람직한 사회인으로 성숙할 수 있도록 아동복지 영역에서 이론과 실제에 능통한 전문 인재 양성을 목적으로 하는 학과이다.,아동ᆞ가족학과 사회복지학의 여러 학문에 관심이 있는 학생;아동 및 청소년 지도나 봉사 활동에 관심이 있는 학생;협력적 문제 해결 능력을 가진 학생,확률과 통계;생활과 윤리;경제;정치와 법;사회·문화,사회문제 탐구
112,112,영·유아기 발달 과정을 이해하고 효과적인 유아교육을 위한 이론 학습 및 실습을 통하여 건전한 인성을 기르고 유아의 특성에 맞는 교육을 개발하고 현장에서 적용할 수 있는 전문 인력 양성을 목적으로 하는 학과이다,"아이들을 좋아하며 아이들의 입장에서 이해하려는 자세를 갖춘 학생;음악·무용·미술 등에 다양한 소질과 정확한 언어 구사 능력이 있는 학생;종이 접기, 동화 구연, 인형극 등 아이들이 좋아할 만한 특기가 있는 학생",확률과 통계;생활과 윤리;생명과학Ⅰ;심리학;교육학,사회문제 탐구;음악 감상과 비평;미술 감상과 비평
84,84,"응급의료에 관한 법률’에 따라, 응급환자 발생 현장, 환자 이송 중, 의료기관 내에서 기본 및 전문 응급처치 활동을 할 수 있고, 인간 사랑과 생명 존중을 현실화시킬 수 있는 실무 능력을 겸비한 1급 응급구조사 양성을 목적으로 하는 학과이다.",아픈 사람을 돕는 것을 좋아하고 희생정신을 통해 보람을 느낄 수 있는 학생;응급의료 분야에 대한 관심이 많고 책임 의식과 사명감이 투철한 학생;타인에 대한 배려가 있으며 생명을 소중히 하고 어려움에 처한 사람들을 구하는 데 보람을 느끼는 학생,생활과 윤리;정치와 법;화학Ⅰ;생명과학Ⅰ;보건,생명과학Ⅱ;생활과 과학
12,12,"문화유산을 올바르게 보존하고 이를 바탕으로 문화유산의 참된 의미를 탐구하는 학과이다. 문화재에 대한 조사, 연구, 보존을 위해 고고학, 미술사, 보존과학, 박물관학 등 융·복합 인재 양성을 목표로 하는 학과이다.","역사, 생활양식, 언어, 예술 등 문화 전반에 대한 관심과 흥미를 지닌 학생;인문학, 미술사, 고고학, 과학적 지식의 종합적 연구에 흥미를 느끼는 학생;보존방법 연구와 관련하여 물리학, 화학, 생명과학 등에 대한 이해를 갖춘 학생",한국지리;세계사;동아시아사;사회·문화;물리학Ⅰ;화학Ⅰ;생명과학Ⅰ;제2외국어Ⅰ;한문Ⅰ,화학Ⅱ;미술 감상과 비평;한문Ⅱ
15,15,"인간과 문화를 종합적으로 연구하며, 인문학과 사회과학을 아우르는 성격을 지닌다. 문화인류학, 생물인류학 등의 분야를 통하여 문화 현상들을 깊이 연구하고, 문화적 감수성과 비판적 안목을 지닌 인재 양성을 목적으로 하는 학과이다.","열린 마음을 지니고 있어 차이와 다양성에 많은 관심을 가지고, 당연한 관념들에 대해 질문을 던지는 학생;현지조사를 중시하기 때문에 낯선 환경을 두려워하지 않고, 여행과 새로운 만남을 즐기는 학생;다른 사람들의 경험과 이야기를 통해 새로운 방식으로 세상을 인식할 준비가 된 학생",세계지리;동아시아사;세계사;정치와 법;윤리와 사상;사회·문화;생명과학Ⅰ,영어권 문화
95,95,영어 교과 교육 관련 학문의 창의적 연구와 교육 현장에서 언어 계열 과목 교육자로서의 전문적인 소양을 갖춘 유능하고 진취적인 교사를 양성하는 것을 목적으로 인격과 전문성을 겸비한 교육 전문 인력 양성을 목적으로 하는 학과이다.,영어에 대한 지식과 열정을 기본으로 인간과 사물을 사랑하고 존중하는 따뜻한 마음을 가진 학생;변화에 대해 능동적으로 대처하는 자세를 갖춘 학생;말과 글에 대한 긍지와 애정을 가진 진취적인 태도를 갖춘 학생;미래 교육과 연구를 담당할 수 있도록 전문 능력을 갖추려는 자세를 갖춘 학생,확률과 통계;영어 회화;영어Ⅰ;영어 독해와 작문;영어Ⅱ;생활과 윤리;윤리와 사상;세계사;사회·문화;정치와 법;교육학;심리학,영어권 문화;영미 문학 읽기
8,8,"영어학 및 영미문학에 대한 폭넓은 이해와 국제어인 영어로 자유롭게 의사소통할 수 있는 능력 함양을 목표로 한다. 언어로서 영어가 지닌 구조와 특성, 영어권 문학의 변천사와 작품들에 대한 이해 과정을 바탕으로 비판적, 창의적 사 고력을 지닌 글로벌 인재 양성을 목적으로 하는 학과이다.","영어와 외국어에 관심을 가지고, 외국의 문화와 역사, 사회와 경제 등에 흥미를 느끼는 학생;언어를 다양한 각도에서 공부하는 데에 흥미가 있는 학생;문학을 좋아하며 자신의 의견 표현, 텍스트 분석과 비평에 흥미가 있는 학생",영어 회화;영어Ⅰ;영어 독해와 작문;영어Ⅱ;윤리와 사상;세계지리;세계사;사회·문화,영어권 문화;진로 영어;영미 문학 읽기
25,25,뉴미디어에 관한 표현·기술·환경 등을 종합적으로 이해하는 것은 물론 새로운 미디어 환경에 적합한 지식과 기술 을 학제적으로 가르치는 학과이다.,예술적인 감수성과 컴퓨터 활용 능력을 갖춘 학생;디지털 콘텐츠에 관심이 많고 컴퓨터를 이용한 콘텐츠 개발에 흥미와 열정이 있는 학생,윤리와 사상;경제;정치와 법;사회·문화;정보;심리학,사회문제 탐구;생활과 과학
22,22,"호텔 경영 전반에 관한 전문적인 지식과 현장 실무교육, 외국어 교육을 통해 관광 산업 및 호텔 산업을 성장시킬 미래의 전문가를 양성한다. 또한 미래 문화 생활 패턴을 선도하는 관광전문경영인, 한국의 매력을 창출하고 홍보 하는 인재 양성을 목적으로 하는 학과이다.",외국어에 흥미가 많은 학생;사교성이 좋으며 관광 관련 학문에 관심이 많은 학생;두려움 없이 새로운 것에 도전하며 서비스 지향적인 생각을 갖춘 학생;국제적인 감각과 의사소통 능력을 갖춘 학생,확률과 통계;영어 회화;영어Ⅰ;생활과 윤리;한국지리;세계지리;세계사;동아시아사;경제;사회·문화;제2외국어Ⅰ,영어권 문화;진로 영어;사회문제 탐구;여행지리;제2외국어Ⅱ
1,1,"우리말과 우리 문학을 연구하여 민족 문화를 창조적으로 계승하고 발전시키는 것을 목적으로 한다. 국어의 구조와 역사를 밝히고, 시대별 문학을 그 시대정신과 사회 배경 속에서 이해하고 그 가치를 탐구하는 인재 양성을 목적으 로 하는 학과이다.","우리말의 유래·구조·원리, 문학 작품 읽기, 창작에 관심이 많은 학생;주관적인 창작 능력과 객관적인 분석 능력이 균형적으로 발달된 학생;언어 감각과 논리적 사고력, 비평적으로 읽고 분석하는 능력을 갖춘 학생",윤리와 사상;한국지리;사회·문화;한문Ⅰ,심화 국어;고전 읽기;한문Ⅱ
24,24,"사람들 간의 원활한 소통을 위해 신문, 방송, 영상매체, 정보통신 등 대중 매체에 대해 연구하고 바람직한 미디어 문화와 대중 매체의 발전에 기여하는 전문 인재 양성을 목적으로 하는 학과이다.",인간과 사회에 대한 따뜻한 관심과 깊은 통찰력을 가진 학생;언론에 대한 이론과 실무를 겸비하려는 자세를 가진 학생;자연-사회-인간의 소통을 이끄는 자세를 가진 학생,언어와 매체;윤리와 사상;경제;정치와 법;사회·문화;논리학;심리학,고전과 윤리;사회문제 탐구
83,83,"물리적인 요소를 이용한 전기치료, 광선치료, 수치료, 온열치료 등과 운동생리학 및 임상운동학, 관절생리학 등의 학문을 기초로 하는 운동치료 및 기능 훈련을 통하여 환자의 손상 및 장애 등을 치료, 진단하고 손상으로 인해 소실된 기능을 되찾아 주며, 신체의 건강을 돌보고 향상시키는 인력 양성을 목적으로 하는 학과이다","인간애를 바탕으로 봉사 정신을 가진 학생;다양한 사람들과 원만한 대인 관계를 형성할 수 있는 학생;인체의 움직임에 대해서 배우고, 이를 실제 현장에서 활용하므로 다양한 환경에 대해 적응할 수 있는 학생",확률과 통계;생활과 윤리;정치와 법;물리학Ⅰ;생명과학Ⅰ;보건,생명과학Ⅱ;생활과 과학
106,106,물리학을 바탕으로 과학적인 이론과 실제적인 실험을 통하여 교육 현장에서 학생을 지도할 수 있는 능력을 갖춘 중등교원 양성을 목적으로 하는 학과이다.,"인간에 대한 지속적인 관심을 가지고 사람들의 성격, 사고, 행동 등에 지적 호기심이 있는 학생;과학교육을 포함한 교육 전반에 관심과 열정을 가지고 있는 학생;미래 교육지도자로서 도덕과 인성, 뚜렷한 교직관을 가진 학생;물리학에 대한 열정 및 물리학 관련 분야로 진출하고자 하는 의지가 있는 학생",수학Ⅰ;수학Ⅱ;확률과 통계;미적분;물리학Ⅰ;화학Ⅰ;교육학;심리학,기하;물리학Ⅱ;화학Ⅱ
108,108,생물학을 바탕으로 과학적인 이론과 실제적인 실험을 통하여 교육 현장에서 학생을 지도할 수 있는 능력을 갖춘 중등교원 양성을 목적으로 하는 학과이다.,"인간에 대한 지속적인 관심을 가지고 사람들의 성격, 사고, 행동 등에 지적 호기심이 있는 학생;과학교육을 포함한 교육 전반에 관심과 열정을 가지고 있는 학생;미래 교육지도자로서 도덕과 인성, 뚜렷한 교직관을 가진 학생;생물학에 대한 열정 및 물리학 관련 분야로 진출하고자 하는 의지가 있는 학생",수학Ⅰ;수학Ⅱ;확률과 통계;미적분;화학Ⅰ;생명과학Ⅰ;교육학;심리학,기하;화학Ⅱ;생명과학Ⅱ
109,109,지구과학을 바탕으로 과학적인 이론과 실제적인 실험을 통하여 교육 현장에서 학생을 지도할 수 있는 능력을 갖춘 중등교원 양성을 목적으로 하는 학과이다.,"인간에 대한 지속적인 관심을 가지고 사람들의 성격, 사고, 행동 등에 지적 호기심이 있는 학생;과학교육을 포함한 교육 전반에 관심과 열정을 가지고 있는 학생;미래 교육지도자로서 도덕과 인성, 뚜렷한 교직관을 가진 학생;지구과학에 대한 열정 및 물리학 관련 분야로 진출하고자 하는 의지가 있는 학생",수학Ⅰ;수학Ⅱ;확률과 통계;미적분;화학Ⅰ;지구과학Ⅰ;교육학;심리학,기하;화학Ⅱ;지구과학Ⅱ
107,107,화학을 바탕으로 과학적인 이론과 실제적인 실험을 통하여 교육 현장에서 학생을 지도할 수 있는 능력을 갖춘 중등교원 양성을 목적으로 하는 학과이다.,"인간에 대한 지속적인 관심을 가지고 사람들의 성격, 사고, 행동 등에 지적 호기심이 있는 학생;과학교육을 포함한 교육 전반에 관심과 열정을 가지고 있는 학생;미래 교육지도자로서 도덕과 인성, 뚜렷한 교직관을 가진 학생;화학에 대한 열정 및 물리학 관련 분야로 진출하고자 하는 의지가 있는 학생",수학Ⅰ;수학Ⅱ;확률과 통계;미적분;물리학Ⅰ;화학Ⅰ;생명과학Ⅰ;교육학;심리학,기하;물리학Ⅱ;화학Ⅱ;생명과학Ⅱ
102,102,역사 교과 교육 관련 학문의 창의적 연구와 교육 현장에서 역사 교과 교육자로서 현실적인 각종 사회 관련 문제에 올바르게 대처하여 합리적인 의사 결정을 할 수 있는 진취적인 교사 양성을 목적으로 하는 학과이다.,"인간에 대한 지속적인 관심을 가지고 사람들의 성격, 사고, 행동 등에 지적 호기심이 있는 학생;학생을 가르치는 것에 적성과 흥미가 있는 학생;역사 분야에 관심이 많고, 신문 기사와 뉴스를 찾아보는 학생;사회 현상을 바라보는 분석력과 통찰력을 갖춘 학생",확률과 통계;세계사;동아시아사;교육학;심리학,사회문제 탐구
104,104,윤리 교과 교육 관련 학문의 창의적 연구와 교육 현장에서 역사 교과 교육자로서 현실적인 각종 사회 관련 문제에 올바르게 대처하여 합리적인 의사 결정을 할 수 있는 진취적인 교사 양성을 목적으로 하는 학과이다.,"인간에 대한 지속적인 관심을 가지고 사람들의 성격, 사고, 행동 등에 지적 호기심이 있는 학생;학생을 가르치는 것에 적성과 흥미가 있는 학생;윤리 분야에 관심이 많고, 신문 기사와 뉴스를 찾아보는 학생;사회 현상을 바라보는 분석력과 통찰력을 갖춘 학생",확률과 통계;생활과 윤리;윤리와 사상;교육학;심리학,사회문제 탐구;고전과 윤리
101,101,사회과학의 제반 분야 교과 교육 관련 학문의 창의적 연구와 교육 현장에서 사회 교과 과목 교육자로서 현실적인 각종 사회 관련 문제에 올바르게 대처하여 합리적인 의사 결정을 할 수 있는 진취적인 교사 양성을 목적으로 하는 학과이다.,"인간에 대한 지속적인 관심을 가지고 사람들의 성격, 사고, 행동 등에 지적 호기심이 있는 학생;학생을 가르치는 것에 적성과 흥미가 있는 학생;정치, 경제, 사회 문화 등 다양한 분야에 관심이 많고, 신문 기사와 뉴스를 찾아보는 학생;사회 현상을 바라보는 분석력과 통찰력을 갖춘 학생",확률과 통계;경제;정치와 법;사회·문화;생활과 윤리;교육학;심리학,사회문제 탐구
103,103,지리 교과 교육 관련 학문의 창의적 연구와 교육 현장에서 역사 교과 교육자로서 현실적인 각종 사회 관련 문제에 올바르게 대처하여 합리적인 의사 결정을 할 수 있는 진취적인 교사 양성을 목적으로 하는 학과이다.,"인간에 대한 지속적인 관심을 가지고 사람들의 성격, 사고, 행동 등에 지적 호기심이 있는 학생;학생을 가르치는 것에 적성과 흥미가 있는 학생;지리 분야에 관심이 많고, 신문 기사와 뉴스를 찾아보는 학생;사회 현상을 바라보는 분석력과 통찰력을 갖춘 학생",확률과 통계;한국지리;세계지리;교육학;심리학,여행지리;사회문제 탐구
10,10,"인류가 남겨 놓은 유적과 유물을 발굴하고 분석하여 과거의 문화를 복원하고 문화 변동의 과정을 규명하는 것을 목적 으로 한다. 문화인류학이나 역사학과 상호 보완 관계에 있다. 역사와 문화를 연구하여 인류사회가 지나왔던 사회, 경제, 문화 등을 이해할 수 있는 인재 양성을 목적으로 하는 학과이다.","인류의 유물, 유적에 관심이 많고, 사물에 대한 관찰력이 뛰어난 학생;인간에 대한 깊은 호기심을 가지며, 인류와 사회의 발달 과정에 대해 흥미를 느끼는 학생;문화 변동 등에 대한 상상력이 풍부하고, 논리력을 갖춘 학생",윤리와 사상;한국지리;세계지리;세계사;동아시아사;사회·문화;제2외국어Ⅰ;한문Ⅰ,제2외국어Ⅱ;한문Ⅱ
111,111,"아동의 심리적 특성, 교육의 과정 및 환경에 대한 다각적 이해를 바탕으로 최대한의 교육적 효과를 거둘 수 있도록 이론적 기초와 실천적 지식을 갖추어 초등교육을 위한 유능한 예비 초등교사 양성을 목적으로 하는 학과이다.","인문, 사회, 과학, 예체능 등 다양한 분야에 두루두루 관심이 많은 학생;어린이를 좋아하고 아동교육에 관심이 있는 학생;어린이를 독립된 인격체로 성장할 수 있도록 도와주는 마음가짐을 가진 학생","확률과 통계;생활과 윤리;윤리와 사상;동아시아사;세계사;사회·문화;정치와 법;물리학Ⅰ;화학Ⅰ;생명과학Ⅰ;지구과학Ⅰ;심리학;교육학;정보
",사회문제 탐구;생활과 과학;음악 감상과 비평;미술 감상과 비평
13,13,"인문학을 바탕으로 예술, 기술, 마케팅 분야의 융합 인재 양성을 목표로 한다. 영화, 애니메이션, 방송, 게임, 캐릭터, 문화기획 등 문화콘텐츠 산업의 다양한 분야에서 기획, 제작, 마케팅 역량을 지닌 인재 양성을 목적으로 하는 학과 이다.","인문학과 사회 현상에 호기심과 관심이 많은 학생;언어 능력 및 글쓰기 능력, 창작 능력이 뛰어난 학생;문화콘텐츠에 대한 깊이 있는 지식과 이를 바탕으로 한 비평 등에 관심을 지닌 학생",언어와 매체;윤리와 사상;세계사;동아시아사;사회·문화;심리학;철학;논술,음악 감상과 비평;미술 감사과 비평
82,82,사람들의 건강한 삶을 돕고 질병에서 오는 고통을 줄여 더 행복한 삶을 살 수 있도록 돕는 전문 간호 이론과 기술을 배우며 국가 시험을 거쳐 간호사 면허 취득 후 간호사가 될 인력 양성을 목적으로 하는 학과이다.,"인체나 질병, 생명 등에 대한 관심이 있고, 생명과학이나 화학 등의 교과목에 흥미와 소질이 있는 학생;대인 관계가 원만하고, 이해심이 많고 성실하며 책임감이 강한 학생;상황에 유연하게 대처할 수 있고, 사람과 잘 어울리며 마음이 따뜻한 학생",확률과 통계;생활과 윤리;정치와 법;화학Ⅰ;생명과학Ⅰ;보건,화학Ⅱ;생명과학Ⅱ;생활과 과학
2,2,"일본어에 대한 체계적인 학습 훈련과 언어, 문화 및 문학에 관한 깊이 있는 이해를 통해 일본 및 해당 언어권 국가와 관련된 사회 여러 분야에서 요구되는 새로운 인재의 양성을 목표로 하는 학과이다.","일본어권 국가의 어학, 문학, 문화에 관심이 있고 심화된 지식과 역량을 갖고자 하는 학생;새로운 세계를 탐구해 나가려는 호기심을 지닌 학생;문학적 감수성과 상상력이 있고, 언어의 과학적 구조에 관심이 있는 학생",윤리와 사상;세계지리;동아시아사;사회·문화;일본어Ⅰ;한문Ⅰ,"일본어Ⅱ,한문Ⅱ"
98,98,일본어 교과 교육 관련 학문의 창의적 연구와 교육 현장에서 언어 계열 과목 교육자로서의 전문적인 소양을 갖춘 유능하고 진취적인 교사를 양성하는 것을 목적으로 인격과 전문성을 겸비한 교육 전문 인력 양성을 목적으로 하는 학과이다.,일본어에 대한 지식과 열정을 기본으로 인간과 사물을 사랑하고 존중하는 따뜻한 마음을 가진 학생;변화에 대해 능동적으로 대처하는 자세를 갖춘 학생;말과 글에 대한 긍지와 애정을 가진 진취적인 태도를 갖춘 학생;미래 교육과 연구를 담당할 수 있도록 전문 능력을 갖추려는 자세를 갖춘 학생,확률과 통계;생활과 윤리;윤리와 사상;동아시아사;사회·문화;정치와 법;일본어Ⅰ;한문Ⅰ;교육학;심리학,심화 국어;고전 읽기;일본어Ⅱ;한문Ⅱ
21,21,급변하는 현대 기업 환경에서 중요성이 부각되고 있는 기업의 회계 보고 환경 및 세무의사결정과 관련한 전문 인재 양성을 목적으로 하는 학과이다.,자기주도적이고 함께 일할 줄 아는 협업 정신이 있는 학생;결단력이 필요한 상황에서 스스로 잘 판단하는 학생;수치에 밝고 꼼꼼한 성격의 학생;스스로 계획하고 꾸준히 실행하는 성실한 태도를 갖춘 학생,수학Ⅰ;수학Ⅱ;미적분;확률과 통계;생활과 윤리;경제;정치와 법;실용 경제,경제 수학;사회문제 탐구
80,80,"화장품의 원료 개발에 필요한 기능성 식물, 기능성 천연물 소재 등을 개발하고 화장품 제조 분야에 응용할 수 있는 인력 양성을 목적으로 하는 학과이다.","자연 현상에 대한 호기심과 관찰력, 논리적인 분석 능력을 지닌 학생;꾸준하고 성실한 자세와 새로운 것에 관심을 기울이는 자세를 겸비한 학생;실험하는 도전 정신, 탐구력, 창의력이 있는 학생",수학Ⅰ;수학Ⅱ;미적분;확률과 통계;사회·문화;물리학Ⅰ;화학Ⅰ;생명과학Ⅰ,화학Ⅱ;생명과학Ⅱ;생활과 과학
81,81,"화장품의 원료 개발에 필요한 기능성 식물, 기능성 천연물 소재 등을 개발하고 화장품 제조 분야에 응용할 수 있는 인력 양성을 목적으로 하는 학과이다.","자연 현상에 대한 호기심과 관찰력, 논리적인 분석 능력을 지닌 학생;꾸준하고 성실한 자세와 새로운 것에 관심을 기울이는 자세를 겸비한 학생;실험하는 도전 정신, 탐구력, 창의력이 있는 학생",수학Ⅰ;수학Ⅱ;미적분;확률과 통계;경제;물리학Ⅰ;화학Ⅰ;생명과학Ⅰ,기하;물리학Ⅱ;화학Ⅱ;생활과 과학
44,44,"물질을 구성하고 있는 기본 성분과 고유한 성질 및 구조를 이해하고, 이들이 상호 작용에 의한 반응으로 어떻게 변환 되는지 등을 연구하는 학문으로, 모든 물질이 화학과 관련되어 있어 자연과학 연구의 기초가 되므로 다양한 분야에 응용할 수 있는 인재 양성을 목적으로 하는 학과이다.","자연 현상에 대한 호기심과 관찰력, 논리적인 분석력이 있는 학생;새로운 것에 관심을 기울이는 자세를 갖춘 학생;실험하는 도전 정신, 탐구력, 창의력이 있는 학생",수학Ⅰ;수학Ⅱ;미적분;확률과 통계;물리학Ⅰ;화학Ⅰ;생명과학Ⅰ,기하;물리학Ⅱ;화학Ⅱ;생명과학Ⅱ
39,39,"생명체를 연구대상으로 하여 생명 원리와 응용 방법을 연구하는 학문으로, 생명과학 관련 산업 현장 및 연구 분야 에 종사할 전문 인재 양성을 목적으로 하는 학과이다.","자연과학 기초과목에 흥미와 생명현상에 관심이 있는 학생;자연법칙과 과학적 연구 방법을 이해하고 적용할 수 있는 추론적 판단력이 있는 학생;생명현상을 객관적으로 보는 관찰력, 논리적 사고, 도전 정신, 분석력이 있는 학생",수학Ⅰ;수학Ⅱ;미적분;확률과 통계;생활과 윤리;물리학Ⅰ;화학Ⅰ;생명과학Ⅰ,화학Ⅱ;생명과학Ⅱ
41,41,"지구의 생성과 진화, 지구 구성물질의 순환, 지구의 구조 등 전반적인 지구작용과 지구 구성 물질에 대한 이해를 추구 하며, 지구환경의 변화를 예측하고 대비하는 학문이다. 최근에는 화석 및 신재생에너지와 광물 및 수자원의 탐사 및 개발, 신소재 개발, 균형 있는 국토 개발 및 지구환경 보전, 자연재해의 대비 등 인류 복지를 위한 실용적인 측면을 연구하는 인재 양성을 목적으로 하는 학과이다.","자연과학뿐 아니라 공학에 대한 기초적인 지식을 갖추고 있는 학생;지적학의 경우 사회학이나 법학 등 사회과학 지식도 흥미로워하는 학생;암석이나 자원, 자연환경 등 지구에 대한 호기심이 있는 학생",수학Ⅰ;수학Ⅱ;미적분;확률과 통계;한국지리;세계지리;물리학Ⅰ;화학Ⅰ;생명과학Ⅰ;지구과학Ⅰ,기하;물리학Ⅱ;지구과학Ⅱ
49,49,"원예 작물의 재배, 생산과 더불어 원예 산물의 가공 및 활용, 생명공학 기술의 적용과 이용 등에 관한 연구를 수행 하며 이를 위한 합리적인 지식의 탐구와 체계적인 교육을 통하여 사회에 기여할 수 있는 창조적 원예 전문 지식인 양성을 목적으로 하는 학과이다.","자연을 좋아하고 나무와 꽃, 식물 등에 관심이 있는 학생;지구온난화, 친환경적인 삶 등의 자연 및 생활환경 문제에도 관심이 많은 학생",수학Ⅰ;수학Ⅱ;미적분;확률과 통계;한국지리;화학Ⅰ;생명과학Ⅰ;지구과학Ⅰ,화학Ⅱ;생명과학Ⅱ
86,86,"장애인의 재활복지를 위한 학문적 연구와 더불어 효율적인 재활프로그램 개발을 위하여 사회재활, 심리재활, 직업재활 등을 공부하여 사회에서 격리된 장애인들의 복지 문제를 다루고, 장애인들이 독립된 삶을 살 수 있도록 직업과 재활시설의 연구 및 개발 인력 양성을 목적으로 하는 학과이다.","장애인 가족과 당사자의 욕구에 유연하게 반응해 줄 수 있는 학생;사람에 대한 관심과 애정이 중요하여, 기본적으로 사람들과 어울리기 좋아하며 친절하고 이해심이 많은 학생;신체적 불편을 가진 사람들을 이해하고 먼저 배려하며, 호전되어가는 사람들을 보며 행복감을 느낄 수 있는 학생",생활과 윤리;물리학Ⅰ;화학Ⅰ;생명과학Ⅰ;보건;심리학,생명과학Ⅱ
20,20,"세계화와 정보화라는 시대적 요청에 부응하여 국제 무역, 국제 금융, 국제 통상, 국제 경영, 무역 상무 및 전자 무역 등에 관한 연구를 통해 국가 경쟁력 향상과 국가 경제 발전을 위한 인재 양성을 목적으로 하는 학과이다.","전 세계를 무대로 다양한 사업을 펼쳐보고 싶은 생각이 있는 학생;적극적이고 도전적인 성격 및 개척 정신이 있는 학생;영어·중국어 등 기본적인 외국어 능력이 있고, 새로운 언어를 배우는 데 거부감이 없는 학생",수학Ⅰ;수학Ⅱ;미적분;확률과 통계;세계지리;세계사;동아시아사;경제;정치와 법;사회·문화;제2외국어Ⅰ,경제 수학;영어권 문화;진로 영어;제2외국어Ⅱ;사회문제 탐구
64,64,사고나 학습 등 인간이 가진 지적 능력을 컴퓨터를 통해 구현하는 인공지능 기술 분야의 미래 핵심 인재가 될 전문인력 양성을 목표로 하는 학과이다.,전공 지식을 바탕으로 새로운 분야에 적용하고자 하는 호기심을 가지고 있는 학생;다양한 사회 및 환경의 변화를 긍정적 사고를 통해 받아들이는 열린 사고를 가진 학생;창의적이며 실용적 역량을 갖춘 탁월하고 윤리적인 인재로 발전할 수 있는 학생;,수학Ⅰ;수학Ⅱ;미적분;확률과 통계;물리학Ⅰ;화학Ⅰ;정보;논리학,기하;인공지능 수학;수학과제 탐구;물리학Ⅱ;사회문제 탐구;인공지능 기초
92,92,"치과의사가 되기 위한 기본 교양과 치의학 전공 학습의 기초를 쌓기 위해 다양한 의료인문학 영역과 자연과학 영역의 기본 지식을 익히고 통합하여 치아 및 구강, 얼굴의 질환과 장애, 기형 등에 대해 치료하고 예방하는 인력 양성을 목적으로 하는 학과이다. 예과 2년, 본과 4년, 총 6년 과정 졸업 후 치과의사 국가시험 응시 자격이 주어진다.",좁은 구강 내를 치료해야 하므로 꼼꼼한 성격에 손놀림이 정교한 학생;각종 치과 장비를 많이 사용하므로 기계를 잘 다룰 수 있는 학생;인체의 구조나 기능에 대한 관심과 과학적인 사고 능력을 겸비한 학생;이론 및 실습을 통한 방대한 학습 분량을 소화할 수 있는 학생,수학Ⅰ;수학Ⅱ;미적분;확률과 통계;정치와 법;생활과 윤리;화학Ⅰ;생명과학Ⅰ,기하;화학Ⅱ;생명과학Ⅱ
3,3,"중국어에 대한 체계적인 학습 훈련과 언어, 문화 및 문학에 관한 깊이 있는 이해를 통해 중국 및 해당 언어권 국가와 관련된 사회 여러 분야에서 요구되는 새로운 인재의 양성을 목표로 하는 학과이다.","중국어권 국가의 어학, 문학, 문화에 관심이 있고 심화된 지식과 역량을 갖고자 하는 학생;새로운 세계를 탐구해 나가려는 호기심을 지닌 학생;문학적 감수성과 상상력이 있고, 언어의 과학적 구조에 관심이 있는 학생",윤리와 사상;세계지리;동아시아사;사회·문화;중국어Ⅰ;한문Ⅰ,"중국어Ⅱ,한문Ⅱ"
99,99,중국어 교과 교육 관련 학문의 창의적 연구와 교육 현장에서 언어 계열 과목 교육자로서의 전문적인 소양을 갖춘 유능하고 진취적인 교사를 양성하는 것을 목적으로 인격과 전문성을 겸비한 교육 전문 인력 양성을 목적으로 하는 학과이다.,중국어에 대한 지식과 열정을 기본으로 인간과 사물을 사랑하고 존중하는 따뜻한 마음을 가진 학생;변화에 대해 능동적으로 대처하는 자세를 갖춘 학생;말과 글에 대한 긍지와 애정을 가진 진취적인 태도를 갖춘 학생;미래 교육과 연구를 담당할 수 있도록 전문 능력을 갖추려는 자세를 갖춘 학생,확률과 통계;생활과 윤리;윤리와 사상;동아시아사;사회·문화;정치와 법;중국어Ⅰ;한문Ⅰ;교육학;심리학,심화 국어;고전 읽기;일본어Ⅱ;중국어Ⅱ
32,32,"사람들이 살아가는 지표 공간의 구조와 기능, 변화 과정을 밝히고 인간과 자연 사이에서 발생하는 환경 문제를 해결 할 수 있는 과학적 이론과 응용 방법을 연구하는 인재 양성을 목적으로 하는 학과이다.",지역과 글로벌 사회에 대한 이해 능력을 가진 학생;학문적 열정과 자기 주도적 학습 능력을 가진 학생;사회 문제에 대한 비판적인 사고 및 합리적 판단력을 가진 학생,확률과 통계;한국지리;세계지리;세계사;경제;사회·문화;지구과학Ⅰ;정보,기하;여행지리;사회문제 탐구
66,66,통신 및 네트워크를 이용하여 정보를 수요자에게 빠르고 정확하게 전달하기 위한 기술과 지식 전문성을 가진 인재 양성을 목적으로 하는 학과이다.,"차세대 인터넷, 인공지능, 자율주행, 스마트폰, 사물인터넷 등에 관심이 많은 학생;수학·통계·물리 등에 대한 기본 지식과 전기전자공학에 대한 기초 지식 필요;논리적인 사고력과 프로그래밍을 좋아하는 학생에게 유리",수학Ⅰ;수학Ⅱ;미적분;확률과 통계;사회·문화;물리학Ⅰ;지구과학Ⅰ;정보,기하;인공지능 수학;물리학Ⅱ;인공지능 기초
56,56,"전기전자, 컴퓨터, 기계분야 기술을 바탕으로 자동화 제어시스템의 설계, 제작, 분석, 운용할 수 있는 인력 양성을 목적으로 하는 학과이다.",컴퓨터를 좋아하고 수학 및 과학을 좋아하는 학생;공학의 기본 원리와 응용을 폭넓고 흥미롭게 공부할 수 있는 학생,수학Ⅰ;수학Ⅱ;미적분;확률과 통계;물리학Ⅰ;화학Ⅰ;정보,기하;물리학Ⅱ;화학Ⅱ
60,60,"웹과 앱을 보는 데 필요한 그래픽, 애니메이션, 홈페이지 디자인, 가상현실과 사용자 인터페이스 디자인, 게임 개발 등의 디지털 콘텐츠를 제작할 수 있는 창의적 인재 양성을 목적으로 하는 학과이다.",컴퓨터를 활용한 영상 제작이나 게임프로그래밍 등에 관심이 많은 학생;디자인 감각 및 색채감각과 창의성을 가진 학생;문화 및 사회에 대한 이해도가 높고 융합적 사고를 가진 학생,수학Ⅰ;수학Ⅱ;미적분;확률과 통계;세계사;물리학Ⅰ;정보,기하;영어권 문화;미술창작;생활과 과학
65,65,"네트워크 통신망에서 발생하는 정보 누출, 도청, 정보 위조 및 변조 등의 공격과 위협을 사전에 예방하고, 디도스 공격, 해킹 시도 및 바이러스 유포 등을 방어하는 인력 양성을 목표로 하는 학과이다.",코딩에 관심이 있으며 정보를 분석하고 해석하는 것에 적성과 흥미가 있는 학생;새로운 분야에 적극적으로 도전할 수 있는 용기를 가진 학생;사이버 윤리에 대하여 공감하며 다양한 소통역량을 가진 학생,수학Ⅰ;수학Ⅱ;미적분;확률과 통계;정치와 법;생활과 윤리;정보,기하;수학과제 탐구
51,51,"일상생활, 산업 현장 등에 필요한 각종 기계를 설계 및 제작할 수 있는 인력 양성을 목적으로 하는 학과이다.","크고 작은 기계장치에서부터 대형 산업용 기계에 이르기까지 광범위한 영역에 흥미를 가진 학생;기계뿐만 아니라 자동차,전기,전자 등에도 흥미가 있고,탐구심이 많은 학생;기계공학의 기본이 되는 수학과 물리학을 잘하며,기계 작동원리에 대한 논리력과 도면을 입체적으로 볼 수 있는 공간지각력이 높은 학생",수학Ⅰ;수학Ⅱ;미적분;확률과 통계;물리학Ⅰ;화학Ⅰ;생명과학Ⅰ;정보,기하;물리학Ⅱ;화학Ⅱ
43,43,"수학적 지식을 바탕으로 자연 현상이나 사회 현상, 경제 현상 또는 특정 집단의 다양한 특성 및 정보를 과학적으로 분석하고 결과를 도출하는 이론과 방법을 연구할 수 있는 인재 양성을 목적으로 하는 학과이다.",통계분석 기법 사용에 필요한 컴퓨터 활용능력을 갖춘 학생;수학을 좋아하며 정보를 분석하고 추리하는 것과 사회·경제 분야에 흥미가 있는 학생,수학Ⅰ;수학Ⅱ;미적분;확률과 통계;사회·문화;경제;물리학Ⅰ;화학Ⅰ;생명과학Ⅰ;정보,경제 수학;수학과제 탐구
18,18,"한정된 자원 내에서 어떻게 하면 최대의 효용을 얻을 수 있는지, 이 선택을 하였을 때 기회 비용은 어떻게 되는지 등에 대해 연구하고 이 과정에서 일반적인 법칙을 도출하고 미래 현상을 예측해내는 인재 양성을 목적으로 하는 학과이다.",평소 경제 현상에 관심이 있는 학생;논리적이며 인과관계 분석에 흥미가 있는 학생;여러 사회 현상을 모델을 통해 설명하는 데 관심이 있는 학생;각종 경제 지표들을 읽고 분석하는 능력을 키우고자 하는 학생,수학Ⅰ;수학Ⅱ;미적분;확률과 통계;경제;정치와 법;사회·문화;심리학,경제 수학;사회문제 탐구
9,9,통역과 번역에 대한 이해와 탐구에서부터 본격적인 통역에 필요한 소양 등과 관련한 교과목들을 배운다. 세계 각 지 역의 언어 관련 기본 지식과 문화적 특징에 대한 이해를 바탕으로 해외 지역 연구에 필요한 언어 능력을 갖춘 인재 양성을 목적으로 하는 학과이다.,평소 번역이나 통역 활동에 대한 관심이 높은 학생;언어와 관련한 사회·문화적 현상의 탐구 및 이해에 관심을 지닌 학생;해당 언어의 현상 및 표현과 이해 활동에 관심과 흥미가 높은 학생,영어Ⅰ;영어 독해와 작문;영어Ⅱ;윤리와 사상;세계지리;동아시아사;세계사;정치와 법;경제;사회·문화;제2외국어Ⅰ,영어권 문화;진로 영어;영미 문학 읽기;제2외국어Ⅱ
17,17,"기업뿐 아니라 다양한 조직의 경영 현상을 관찰해 그곳에 존재하는 법칙을 밝혀내고, 이를 실천적 목적에 따라 적용 시키는 학문으로서 다양한 이해관계자들의 의견을 수렴해 의사결정을 하는 방법을 배우고, 이러한 과정을 통해 얻은 성과를 효율적이고 공정하게 배분할 수 있는 능력을 갖춘 인재 양성을 목적으로 하는 학과이다.",평소에 통계나 경제 등 세상이 돌아가는 것에 대해 관심이 많은 학생;남 앞에서 발표하는 것을 좋아하고 다른 사람과 어울려 일하는 것을 좋아하는 학생;평소에 창의적이거나 기발한 생각을 자주 하는 학생,수학Ⅰ;수학Ⅱ;미적분;확률과 통계;세계지리;세계사;경제;정치와 법;사회·문화;제2외국어Ⅰ,경제 수학;사회문제 탐구;영어권 문화;제2외국어Ⅱ
16,16,"세계와 인간에 대한 근본적 물음들을 이성적으로 탐구하며, 일반적으로 논리학, 형이상학, 인식론, 윤리학으로 구성 된다. 인식, 선과 악, 존재 등의 문제에 대해 의문을 던지고 이에 대한 학자들의 역사적 답변을 이해하고, 능동적으 로 관련 문제에 대해 탐구하는 인재 양성을 목적으로 하는 학과이다.","폭넓은 독서로 사고하는 힘을 지니고, 끊임없는 지적탐구와 논리적 사고를 즐기는 학생;인간 본성과 존재가치, 삶의 본질, 사회에 대한 관심과 흥미를 지닌 학생;주어진 것들에 대해 진지한 의문을 가지고 비판적으로 받아들이는 자세를 지닌 학생",확률과 통계;생활과 윤리;윤리와 사상;세계사;동아시아사;사회·문화;철학;논리학,고전 읽기;고전과 윤리
6,6,"프랑스어에 대한 체계적인 학습 훈련과 언어, 문화 및 문학에 관한 깊이 있는 이해를 통해, 프랑스 및 해당 언어권 국가와 관련된 사회 여러 분야에서 요구되는 새로운 인재의 양성을 목표로 하는 학과이다.","프랑스어권 국가의 어학, 문학, 문화에 관심이 있고 심화된 지식과 역량을 갖고자 하는 학생;새로운 세계를 탐구해 나가려는 호기심과 문학적 감수성과 상상력을 지닌 학생;언어의 과학적 구조에 관심이 있는 학생",영어Ⅰ;영어 독해와 작문;영어Ⅱ;윤리와 사상;세계지리;세계사;프랑스어Ⅰ,영어권 문화;영미 문학 읽기;프랑스어Ⅱ
97,97,프랑스어 교과 교육 관련 학문의 창의적 연구와 교육 현장에서 언어 계열 과목 교육자로서의 전문적인 소양을 갖춘 유능하고 진취적인 교사를 양성하는 것을 목적으로 인격과 전문성을 겸비한 교육 전문 인력 양성을 목적으로 하는 학과이다.,프랑스어에 대한 지식과 열정을 기본으로 인간과 사물을 사랑하고 존중하는 따뜻한 마음을 가진 학생;변화에 대해 능동적으로 대처하는 자세를 갖춘 학생;말과 글에 대한 긍지와 애정을 가진 진취적인 태도를 갖춘 학생;미래 교육과 연구를 담당할 수 있도록 전문 능력을 갖추려는 자세를 갖춘 학생,확률과 통계;영어 회화;영어Ⅰ;생활과 윤리;윤리와 사상;세계사;사회·문화;정치와 법;프랑스어Ⅰ;교육학;심리학,영어권 문화;영미 문학 읽기;프랑스어Ⅱ
100,100,한문 교과 교육 관련 학문의 창의적 연구와 교육 현장에서 언어 계열 과목 교육자로서의 전문적인 소양을 갖춘 유능하고 진취적인 교사를 양성하는 것을 목적으로 인격과 전문성을 겸비한 교육 전문 인력 양성을 목적으로 하는 학과이다.,한문에 대한 지식과 열정을 기본으로 인간과 사물을 사랑하고 존중하는 따뜻한 마음을 가진 학생;변화에 대해 능동적으로 대처하는 자세를 갖춘 학생;말과 글에 대한 긍지와 애정을 가진 진취적인 태도를 갖춘 학생;미래 교육과 연구를 담당할 수 있도록 전문 능력을 갖추려는 자세를 갖춘 학생,확률과 통계;생활과 윤리;윤리와 사상;동아시아사;사회·문화;정치와 법;한문Ⅰ;교육학;심리학,심화 국어;고전 읽기;한문Ⅱ
93,93,"주요 의과학 분야의 기초지식 및 예비 한의사로서의 소양을 쌓을 수 있는 인문 사회학 분야 및 한의학적 기본자질을 길러 질병의 근본적인 원인을 규명하고 인체의 기능을 정상으로 회복시키는 치료 및 연구를 담당하는 인력 양성을 목적으로 하는 학과이다. 예과 2년, 본과 4년, 총 6년 과정 졸업 후 한의사 국가시험 응시 자격이 주어진다.","한자로 된 한의학 전공서적을 수월하게 볼 만큼 한자에 대한 지식이 풍부한 학생;방대한 학습량을 소화할 수 있는 도전정신, 끈기와 인내심이 있는 학생;인체 및 생명에 대한 호기심이 많은 학생으로 원활한 의사소통 능력을 겸비한 학생",수학Ⅰ;수학Ⅱ;미적분;확률과 통계;정치와 법;생활과 윤리;화학Ⅰ;생명과학Ⅰ,화학Ⅱ;생명과학Ⅱ;한문Ⅱ;생활과 과학
72,72,"선박에 대한 기술뿐만 아니라 해양환경 및 자원개발, 해양플랜트 기술 등 해양환경을 이용할 수 있는 인력 양성을 목적으로 하는 학과이다.","해양환경에 대한 전반적인 이해와 인접 학문에 대한 이해를 지닌 학생;수학, 물리학, 화학, 지질학, 역학 등에 대한 기초적인 학습 능력을 지닌 학생;바다 자체는 물론이고 선박을 비롯한 해양구조물에 관해서도 관심과 흥미를 지닌 학생",수학Ⅰ;수학Ⅱ;미적분;확률과 통계;세계지리;물리학Ⅰ;화학Ⅰ;생명과학Ⅰ;지구과학Ⅰ,기하;물리학Ⅱ;화학Ⅱ;지구과학Ⅱ
73,73,화학이나 생물학적 원리와 공학적 방법을 통해 자연환경을 보존하고 분석 및 치료할 수 있는 전문 인력 양성을 목적으로 하는 학과이다.,"화학, 물리, 수학 등 기초과학에 대한 관심이 있는 학생;정밀함이 필요한 실험·실습을 할 만큼 꼼꼼하고 차분한 성격의 학생;우리 사회 환경 개선에 적용하도록 창의적인 발상을 하는 적극적이고 진취적인 성격을 가진 학생",수학Ⅰ;수학Ⅱ;미적분;확률과 통계;한국지리;물리학Ⅰ;화학Ⅰ;생명과학Ⅰ;지구과학Ⅰ,기하;화학Ⅱ;생명과학Ⅱ;지구과학Ⅱ;생활과 과학
78,78,"석유, 가스 등의 전통적 에너지부터 신재생에너지, 원자력 등에 대한 효율적 이용 방법 탐구와 계측제어 및 발전소 관리 등을 할 수 있는 인력 양성을 목적으로 하는 학과이다.","화학, 물리학, 수학 등 기초과학에 관한 관심과 지식을 지닌 학생;정밀함이 필요한 실험·실습이 많으므로 꼼꼼하고 차분하며 집중력이 높은 학생;새로운 것을 발견하고 응용하는 것을 좋아하는 성격의 학생",수학Ⅰ;수학Ⅱ;미적분;확률과 통계;경제;물리학Ⅰ;화학Ⅰ;생명과학Ⅰ;지구과학Ⅰ,기하;물리학Ⅱ;화학Ⅱ;지구과학Ⅱ
75,75,"실(면, 양털, 누에고치, 나일론 및 레이온, 특수섬유, 탄소 및 나노섬유 등)과 천을 만드는 방법, 염색법 등과 관련된 다양한 섬유를 제조하고 활용할 수 있는 인력 양성을 목적으로 하는 학과이다.","화학, 물리학, 수학 등 자연과학 분야에 대한 기본 지식이 풍부한 학생;옷의 재질과 디자인, 색상에 대해서 관심이 있는 학생;새로운 것에 대한 도전 정신과 관찰력과 호기심을 가진 학생",수학Ⅰ;수학Ⅱ;미적분;확률과 통계;경제;물리학Ⅰ;화학Ⅰ;생명과학Ⅰ,화학Ⅱ;생명과학Ⅱ;생활과 과학
90,90,"약학은 질병의 치료 및 예방, 진단을 위한 의약품의 사용 및 개발을 위한 학술적 이론과 기술을 연구·개발하는 학문으로, 약학을 교육하고 연구하여 보건 의료 분야의 약사 및 약학자 양성을 목적으로 하는 학과이다.","화학, 생명과학, 물리학 등 과학 과목에 흥미가 있는 학생;다른 사람의 말을 잘 들어주고 설명해 주는 등 의사소통 능력을 지닌 학생;마음이 따뜻하고 타인을 잘 이해하며 배려하는 태도와 도덕성을 겸비한 학생",수학Ⅰ;수학Ⅱ;미적분;확률과 통계;정치와 법;생활과 윤리;화학Ⅰ;생명과학Ⅰ;보건,화학Ⅱ;생명과학Ⅱ;생활과 과학
91,91,"의료인으로서 갖추어야 할 인성, 과학인으로서 요구되는 과학적 사고력과 창의성, 보건 의료에 종사하는 전문인으로서 필요한 지식과 실기를 습득하게 하여 국민 건강의 유지 및 향상을 돕고, 의학 발전에 기여하기 위한 인재 양성을 목적으로 하는 학과이다. 예과 2년, 본과 4년, 총 6년 과정 졸업 후 의사 국가시험 응시 자격이 주어진다.","환자를 먼저 생각하는 마음과 사람의 존엄성을 소중하게 여기는 가치관을 가진 학생;지적 호기심이 강하고, 과학적 방법에 기반하여 해결하는 능력을 지닌 학생;방대한 양의 국내외 이론서적 탐독 및 고된 업무의 스트레스를 감내할 수 있는 학생",수학Ⅰ;수학Ⅱ;미적분;확률과 통계;정치와 법;생활과 윤리;화학Ⅰ;생명과학Ⅰ,화학Ⅱ;생명과학Ⅱ;생활과 과학
